sep=,
SMILES,Catalog ID,MW,MW (desalted),ClogP,logS,HBD,HBA,TPSA,RotBonds,AnalogsFromREAL
O=C1CCC=2C=CC=CC12,Z104495974,132.16,132.16,1.716,-1.94,0,1,17.07,0,https://real.enamine.net/public-enum-files/Z104495974
NC(=O)C=1C=CC=CN1,Z33546380,122.125,122.125,0.144,-0.67,1,2,55.98,1,https://real.enamine.net/public-enum-files/Z33546380
OC=1C(F)=CC=CC1F,Z147646794,130.092,130.092,1.762,-1.55,1,1,20.23,0,https://real.enamine.net/public-enum-files/Z147646794
CC1=CC=2C=CC=CC2N1,Z57200682,131.175,131.175,2.631,-2.43,1,0,15.79,0,https://real.enamine.net/public-enum-files/Z57200682
NNC(=O)C=1C=CN=CC1,Z58981801,137.14,137.14,-0.668,-0.51,2,3,68.01,1,https://real.enamine.net/public-enum-files/Z58981801
NC1=NC=2C=CC=CC2N1,Z104378302,133.151,133.151,1.238,-2.35,2,2,54.7,0,https://real.enamine.net/public-enum-files/Z104378302
NC(=O)C=1C=CC=C(Cl)C1,Z33546479,155.581,155.581,1.536,-2.34,1,1,43.09,1,https://real.enamine.net/public-enum-files/Z33546479
CCCC=1C=CC=CC1N,Z336087926,135.207,135.207,2.422,-2.52,1,1,26.02,2,https://real.enamine.net/public-enum-files/Z336087926
CC=1C=CC(=CN1)C(N)=O,Z57493539,136.152,136.152,0.293,-0.61,1,2,55.98,1,https://real.enamine.net/public-enum-files/Z57493539
NS(=O)(=O)C=1C=CC=CC1F,Z45415581,175.182,175.182,0.694,-1.62,1,2,60.16,1,https://real.enamine.net/public-enum-files/Z45415581
NC1=NC=2C=CC(Br)=CC2S1,Z56858257,229.098,229.098,2.695,-3.65,1,2,38.91,0,https://real.enamine.net/public-enum-files/Z56858257
CNC(=O)C=1C=C(Cl)C=CN1,Z94601331,170.596,170.596,1.25,-1.51,1,2,41.99,2,https://real.enamine.net/public-enum-files/Z94601331
OC=1C=CC=C2C=CC=NC12,Z56926518,145.158,145.158,2.077,-1.62,1,2,33.12,0,https://real.enamine.net/public-enum-files/Z56926518
NC=1C=CC(F)=CC1C(=O)O,Z56946871,155.127,155.127,1.478,-1.63,2,3,63.32,1,https://real.enamine.net/public-enum-files/Z56946871
CC=1C=CC(N)=C(C1)C(=O)O,Z111833788,151.163,151.163,1.707,-1.86,2,3,63.32,1,https://real.enamine.net/public-enum-files/Z111833788
O=C1NCCC=2C=CC=CC12,Z56801375,147.174,147.174,0.996,-1.47,1,1,29.1,0,https://real.enamine.net/public-enum-files/Z56801375
CCCC(=O)C=1C=CC=NC1,Z513733856,149.19,149.19,1.538,-1.5,0,2,29.96,3,https://real.enamine.net/public-enum-files/Z513733856
FC=1C=C(F)C=2NC=CC2C1,Z1201620809,153.129,153.129,2.645,-2.84,1,0,15.79,0,https://real.enamine.net/public-enum-files/Z1201620809
CN1CC=2C=CC=CC2NC1=O,Z104476152,162.189,162.189,1.033,-1.59,1,1,32.34,0,https://real.enamine.net/public-enum-files/Z104476152
NNC(=O)CC=1C=CC(F)=CC1,Z56347387,168.169,168.169,0.287,-1.49,2,2,55.12,3,https://real.enamine.net/public-enum-files/Z56347387
CCN1C(=O)NC=2C=CC=CC21,Z57114989,162.189,162.189,2.143,-2.17,1,1,32.34,1,https://real.enamine.net/public-enum-files/Z57114989
O=C(O)C(=O)NC=1C=CC=CC1,Z362848468,165.146,165.146,-0.085,-1.75,2,3,66.4,1,https://real.enamine.net/public-enum-files/Z362848468
CCC=1C=CC(=CC1)S(N)(=O)=O,Z57902253,185.245,185.245,1.333,-2.37,1,2,60.16,2,https://real.enamine.net/public-enum-files/Z57902253
C1CCN(CC1)C2CCNCC2,Z317268638,168.28,168.28,0.733,0,1,2,15.27,1,https://real.enamine.net/public-enum-files/Z317268638
NC1=CC=C2OC(=O)C=CC2=C1,Z56754502,161.158,161.158,1.014,-2.38,1,2,52.32,0,https://real.enamine.net/public-enum-files/Z56754502
NC(=O)C=1C=CC=C2NC=CC12,Z415653738,160.173,160.173,0.837,-2.46,2,1,58.88,1,https://real.enamine.net/public-enum-files/Z415653738
C1=CN(C=N1)CC=2C=CC=CC2,Z57842700,158.2,158.2,1.505,-1.43,0,1,17.82,2,https://real.enamine.net/public-enum-files/Z57842700
COC1=CC=CC(OC)=C1C(=O)O,Z57915361,182.174,182.174,1.155,-1.58,1,4,55.76,3,https://real.enamine.net/public-enum-files/Z57915361
CC=1C=CC=2NC(=CC2C1)C(=O)O,Z235352033,175.184,175.184,2.63,-3.17,2,2,53.09,1,https://real.enamine.net/public-enum-files/Z235352033
O=C(O)C1=CC2=CC(F)=CC=C2N1,Z235348085,179.148,179.148,2.355,-2.95,2,2,53.09,1,https://real.enamine.net/public-enum-files/Z235348085
O=C(O)C1=CC2=C(Cl)C=CC=C2N1,Z119989536,195.602,195.602,2.925,-3.42,2,2,53.09,1,https://real.enamine.net/public-enum-files/Z119989536
O=C(O)CC1=CC2=CC=CC=C2S1,Z1198265898,192.236,192.236,2.444,-2.76,1,2,37.3,2,https://real.enamine.net/public-enum-files/Z1198265898
O=C1CCC2=CC=CC=3CCN1C32,Z1198154439,173.212,173.212,1.497,-2.024,0,1,20.31,0,https://real.enamine.net/public-enum-files/Z1198154439
O=C(O)CCC1=NC=2C=CC=CC2N1,Z57115077,190.199,190.199,1.096,-1.5,2,3,65.98,3,https://real.enamine.net/public-enum-files/Z57115077
O=C(O)COC=1C=CC=C2C=CC=CC12,Z56900768,202.206,202.206,2.524,-3.38,1,3,46.53,3,https://real.enamine.net/public-enum-files/Z56900768
COC=1C=CC=2NC=C(CC(=O)O)C2C1,Z385472506,205.21,205.21,1.425,-1.89,2,3,62.32,3,https://real.enamine.net/public-enum-files/Z385472506
Cl.FC(F)(F)C=1C=CN=C(N1)C2CCCN2,Z2512961790,253.652,217.191,0.43,-1.859,1,3,37.81,2,
O=C(O)C(C=1C=CC=CC1)C=2C=CC=CC2,Z104477292,212.244,212.244,2.762,-2.72,1,2,37.3,3,https://real.enamine.net/public-enum-files/Z104477292
O=C1C(=O)N(CC=2C=CC=CC2)C=3C=CC=CC13,Z56862402,237.254,237.254,2.332,-4.29,0,2,37.38,2,https://real.enamine.net/public-enum-files/Z56862402
O=C(O)C=1C=CC=CC1C(=O)C=2C=CC(F)=CC2,Z111456674,244.218,244.218,2.557,-4.18,1,3,54.37,3,https://real.enamine.net/public-enum-files/Z111456674
O=C(O)CN1C=2C=CC=CC2C(=O)C=3C=CC=CC31,Z57473348,253.253,253.253,1.314,-3.35,1,4,57.61,2,https://real.enamine.net/public-enum-files/Z57473348
O=C(NO)C=1C=CC=CC1O,Z57842350,153.136,153.136,0.877,-1.04,3,3,69.56,2,https://real.enamine.net/public-enum-files/Z57842350
O=C1CNC(=O)N1,Z57131035,100.076,100.076,-1.691,0.26,2,2,58.2,0,https://real.enamine.net/public-enum-files/Z57131035
CC=1C=CC(N)=NC1,Z104475374,108.141,108.141,0.817,-0.86,1,2,38.91,0,https://real.enamine.net/public-enum-files/Z104475374
O=C(O)C=1C=NC=CN1,Z104476002,124.098,124.098,0.1,0.52,1,4,63.08,1,https://real.enamine.net/public-enum-files/Z104476002
C1=NOC=2C=CC=CC12,Z220335556,119.121,119.121,1.505,-1.48,0,1,26.03,0,https://real.enamine.net/public-enum-files/Z220335556
OCC=1C=CC=CC1Br,Z335245004,187.034,187.034,1.967,-2.07,1,1,20.23,1,https://real.enamine.net/public-enum-files/Z335245004
C1=NNC=2C=CC=CC12,Z276614452,118.136,118.136,1.625,-1.93,1,1,28.68,0,https://real.enamine.net/public-enum-files/Z276614452
NC(=O)C=1C=CC=CC1N,Z57036632,136.152,136.152,0.348,-1.39,2,2,69.11,1,https://real.enamine.net/public-enum-files/Z57036632
NC(=O)C1=CC=CC(N)=C1,Z118530082,136.152,136.152,-0.252,-1.39,2,2,69.11,1,https://real.enamine.net/public-enum-files/Z118530082
CC1=NC=2C=CC=CC2N1,Z55692894,132.163,132.163,1.834,-1.68,1,1,28.68,0,https://real.enamine.net/public-enum-files/Z55692894
O=C(O)COC1CCCC1,Z316258762,144.169,144.169,1.081,-0.63,1,3,46.53,3,https://real.enamine.net/public-enum-files/Z316258762
N#CC=1C=CC(O)=CC1F,Z1157728598,137.111,137.111,1.844,-1.57,1,2,44.02,0,https://real.enamine.net/public-enum-files/Z1157728598
O=C1CC=2C=CC(Cl)=CC2N1,Z56922083,167.592,167.592,1.678,-1.93,1,1,29.1,0,https://real.enamine.net/public-enum-files/Z56922083
NC=1C=C(F)C=CC1C(=O)O,Z106939542,155.127,155.127,1.478,-1.63,2,3,63.32,1,https://real.enamine.net/public-enum-files/Z106939542
NC(=O)C=1C=C(Cl)C=CC1N,Z239125320,170.596,170.596,1.209,-2.17,2,2,69.11,1,https://real.enamine.net/public-enum-files/Z239125320
O=C1NC=2C=CC=CC2C1=O,Z57127903,147.131,147.131,0.828,-2.05,1,2,46.17,0,https://real.enamine.net/public-enum-files/Z57127903
NC=1C=CC(=CC1O)C(=O)O,Z431554234,153.136,153.136,0.796,-0.95,3,4,83.55,1,https://real.enamine.net/public-enum-files/Z431554234
O=C(O)C1=CC=2SC=CC2S1,Z666140572,184.238,184.238,2.934,-2.78,1,2,37.3,1,https://real.enamine.net/public-enum-files/Z666140572
COC(=O)C=1C=CC(Cl)=CC1N,Z53833897,185.608,185.608,2.935,-2.29,1,2,52.32,2,https://real.enamine.net/public-enum-files/Z53833897
CC(=O)C1=CNC2=CC=CC=C12,Z57337726,159.185,159.185,1.979,-2.56,1,1,32.86,1,https://real.enamine.net/public-enum-files/Z57337726
O=C(O)C1=CC=C2OCCC2=C1,Z285150320,164.158,164.158,2.158,-1.88,1,3,46.53,1,https://real.enamine.net/public-enum-files/Z285150320
O=C(O)CCC=1C=CC(O)=CC1,Z317038012,166.174,166.174,1.236,-0.95,2,3,57.53,3,https://real.enamine.net/public-enum-files/Z317038012
CC=1C=C(C)C(N)=C(C1)C(=O)O,Z362758732,165.19,165.19,2.156,-2.14,2,3,63.32,1,
NC1=CC=C2C=CS(=O)(=O)C2=C1,Z445135574,181.213,181.213,0.505,-1.95,1,3,60.16,0,https://real.enamine.net/public-enum-files/Z445135574
O=C(O)C1=CC=2C=C(Cl)SC2N1,Z1508918230,201.631,201.631,2.611,-4.3,2,2,53.09,1,
NCCC=1C=CC(=CC1)S(N)(=O)=O,Z56755653,200.26,200.26,-0.404,-1,2,3,86.18,3,https://real.enamine.net/public-enum-files/Z56755653
O=C(O)CC=1C=CC=CC1C(=O)O,Z104474214,180.158,180.158,0.857,-1.2,2,4,74.6,3,https://real.enamine.net/public-enum-files/Z104474214
NC1=NC=C(CC=2C=CC=CC2)S1,Z57040472,190.266,190.266,2.296,-2.84,1,2,38.91,2,https://real.enamine.net/public-enum-files/Z57040472
CC1=NC(=CS1)C2=CC=CC(N)=C2,Z57984669,190.266,190.266,2.05,-2.32,1,2,38.91,1,https://real.enamine.net/public-enum-files/Z57984669
CC1=CC=CC(C)=C1OCC(=O)O,Z56924437,180.201,180.201,2.348,-2.04,1,3,46.53,3,https://real.enamine.net/public-enum-files/Z56924437
CC=1C=CC=2C=C(NC2C1)C(=O)O,Z119989628,175.184,175.184,2.63,-3.17,2,2,53.09,1,https://real.enamine.net/public-enum-files/Z119989628
CC(=O)NC=1C=CC(=CC1)C(=O)O,Z57042001,179.173,179.173,1.198,-1.68,2,3,66.4,3,https://real.enamine.net/public-enum-files/Z57042001
O=C(O)C1=CN=C2C=CC=CC2=C1,Z838909446,173.168,173.168,2.183,-2.17,1,3,50.19,1,https://real.enamine.net/public-enum-files/Z838909446
CC(=O)C1=CNC2=C(C)C=CC=C12,Z1198233123,173.212,173.212,2.478,-2.84,1,1,32.86,1,https://real.enamine.net/public-enum-files/Z1198233123
C=1C=C2OCOC2=CC1CNC3CCCC3,Z57326449,219.28,219.28,2.947,-2.755,1,3,30.49,3,https://real.enamine.net/public-enum-files/Z57326449
NC=1C=CC=2N=C(CC=3C=CC=CC3)OC2C1,Z361423098,224.258,224.258,2.7,-2.64,1,2,52.05,2,
NNC(=O)C=1C=CC(O)=CC1,Z57036327,152.151,152.151,-0.063,-1.26,3,3,75.35,1,https://real.enamine.net/public-enum-files/Z57036327
O=C1C=CNC(=O)N1,Z56889474,112.087,112.087,-1.056,-0.88,2,2,58.2,0,https://real.enamine.net/public-enum-files/Z56889474
Cl.Cl.NCCC1=CNC=N1,Z1267773750,184.066,111.145,-0.968,-1.08,2,2,54.7,2,https://real.enamine.net/public-enum-files/Z1267773750
OCC=1C=CC(Cl)=CC1,Z104478032,142.583,142.583,1.817,-1.69,1,1,20.23,1,https://real.enamine.net/public-enum-files/Z104478032
CCC=1C=CC(O)=CC1,Z104479728,122.165,122.165,2.503,-2,1,1,20.23,1,https://real.enamine.net/public-enum-files/Z104479728
OCCC=1C=CC=CC1,Z104473586,122.165,122.165,1.333,-0.97,1,1,20.23,2,https://real.enamine.net/public-enum-files/Z104473586
FC(F)(F)C1=CN=CN1,Z440623534,136.075,136.075,1.035,-1.62,1,1,28.68,1,https://real.enamine.net/public-enum-files/Z440623534
CC=1N=CC(C)=C(N)N1,Z1198261676,123.156,123.156,0.624,-0.49,1,3,51.8,0,https://real.enamine.net/public-enum-files/Z1198261676
O=C(O)C=1C=CC=CC1Br,Z57825381,201.017,201.017,2.196,-2.65,1,2,37.3,1,https://real.enamine.net/public-enum-files/Z57825381
O=C(O)CCC1CCCC1,Z104478044,142.196,142.196,2.426,-2.27,1,2,37.3,3,https://real.enamine.net/public-enum-files/Z104478044
OC=1C=CC=2OCOC2C1,Z104473678,138.121,138.121,1.564,-1.57,1,3,38.69,0,https://real.enamine.net/public-enum-files/Z104473678
O=C(O)C=1C=CC=CC1F,Z57914061,140.112,140.112,1.766,-1.8,1,2,37.3,1,https://real.enamine.net/public-enum-files/Z57914061
NS(=O)(=O)N1CCCCC1,Z300095616,164.227,164.227,0.96,-0.5,1,3,63.4,1,https://real.enamine.net/public-enum-files/Z300095616
OCN1C=NC=2C=CC=CC21,Z56926682,148.162,148.162,0.604,-1.18,1,2,38.05,1,https://real.enamine.net/public-enum-files/Z56926682
CC=1C=C2N=CNC2=CC1C,Z55928828,146.19,146.19,2.513,-3,1,1,28.68,0,https://real.enamine.net/public-enum-files/Z55928828
NC1=NC=2C=C(Cl)C=CC2O1,Z89267039,168.58,168.58,1.893,-2.67,1,2,52.05,0,https://real.enamine.net/public-enum-files/Z89267039
CC=1C=CC(=CC1)S(N)(=O)=O,Z45415564,171.218,171.218,0.804,-1.85,1,2,60.16,1,https://real.enamine.net/public-enum-files/Z45415564
CC=1C=CC(O)=C(C1)C(=O)O,Z147642456,152.148,152.148,2.686,-1.63,2,3,57.53,1,https://real.enamine.net/public-enum-files/Z147642456
NC=1C=CC=2N=CC=CC2C1,Z255114686,144.174,144.174,1.477,-1.85,1,2,38.91,0,https://real.enamine.net/public-enum-files/Z255114686
NS(=O)(=O)C=1C=CC=C(F)C1,Z45415568,175.182,175.182,0.694,-1.62,1,2,60.16,1,https://real.enamine.net/public-enum-files/Z45415568
NC=1C(F)=CC=CC1C(=O)O,Z362758748,155.127,155.127,1.398,-1.63,2,3,63.32,1,https://real.enamine.net/public-enum-files/Z362758748
NC=1C=CC=C(F)C1C(=O)O,Z424764636,155.127,155.127,1.118,-1.63,2,3,63.32,1,https://real.enamine.net/public-enum-files/Z424764636
OC=1C=CN=C2C=CC=CC12,Z818727120,145.158,145.158,2.316,-1.62,1,2,33.12,0,https://real.enamine.net/public-enum-files/Z818727120
COC=1C=CC(=CC1)S(N)(=O)=O,Z45415561,187.218,187.218,0.549,-1.36,1,3,69.39,2,https://real.enamine.net/public-enum-files/Z45415561
O=C(O)C1=CC=C2OCOC2=C1,Z104476884,166.131,166.131,1.972,-2.12,1,4,55.76,1,https://real.enamine.net/public-enum-files/Z104476884
O=C1NS(=O)(=O)C2=CC=CC=C12,Z256708526,183.186,183.186,0.718,-1.77,1,3,63.24,0,https://real.enamine.net/public-enum-files/Z256708526
O=C(O)C1=CNC2=CC=CC=C12,Z89283908,161.158,161.158,2.131,-2.33,2,2,53.09,1,https://real.enamine.net/public-enum-files/Z89283908
O=C(O)C1=CC=CC(=N1)C(=O)O,Z57202012,167.119,167.119,1.078,-1.04,2,5,87.49,2,https://real.enamine.net/public-enum-files/Z57202012
OCC=1C=CC=C2OCCOC12,Z440625162,166.174,166.174,1.028,-1.45,1,3,38.69,1,https://real.enamine.net/public-enum-files/Z440625162
O=C(O)C=1C=CC=C2OCOC12,Z553832512,166.131,166.131,1.972,-2.12,1,4,55.76,1,https://real.enamine.net/public-enum-files/Z553832512
CC1=CC=2C=CC=CC2NC1=O,Z1198181962,159.185,159.185,1.311,-2.89,1,1,29.1,0,https://real.enamine.net/public-enum-files/Z1198181962
O=C1CNC=2C=C(Br)C=CC2N1,Z1269175847,227.058,227.058,1.672,-2.37,2,2,41.13,0,https://real.enamine.net/public-enum-files/Z1269175847
NS(=O)(=O)C=1C=CC(=CC1)C(=O)O,Z53021532,201.201,201.201,0.452,-1.48,2,4,97.46,2,https://real.enamine.net/public-enum-files/Z53021532
O=C(O)CC1=NOC=2C=CC=CC12,Z99600464,177.157,177.157,0.777,-1.58,1,3,63.33,2,https://real.enamine.net/public-enum-files/Z99600464
O=C(O)COC=1C(Cl)=CC=CC1Cl,Z56928539,221.037,221.037,2.505,-2.99,1,3,46.53,3,https://real.enamine.net/public-enum-files/Z56928539
O=C(O)C1=CC2=CC=C(Cl)C=C2N1,Z119990438,195.602,195.602,2.925,-3.42,2,2,53.09,1,https://real.enamine.net/public-enum-files/Z119990438
O=C(O)C=1C=CC=C2OCCOC12,Z316118634,180.158,180.158,1.931,-2.04,1,4,55.76,1,https://real.enamine.net/public-enum-files/Z316118634
CC(=O)C1=CNC=2C=C(F)C=CC12,Z234897299,177.175,177.175,2.198,-2.85,1,1,32.86,1,https://real.enamine.net/public-enum-files/Z234897299
O=C(O)C1=CNC=2C=C(Cl)C=CC12,Z385446076,195.602,195.602,2.925,-3.09,2,2,53.09,1,https://real.enamine.net/public-enum-files/Z385446076
O=C(NCCO)C=1C=CC(Cl)=CC1,Z31725206,199.634,199.634,1.215,-2.25,2,2,49.33,4,https://real.enamine.net/public-enum-files/Z31725206
O=C(O)CN1C(=O)C=2C=CC=CC2C1=O,Z56175684,205.167,205.167,0.881,-2.42,1,4,74.68,2,https://real.enamine.net/public-enum-files/Z56175684
O=C1CNC=2C=CC(=CC2N1)C(F)(F)F,Z147641710,216.16,216.16,1.977,-2.31,2,2,41.13,1,https://real.enamine.net/public-enum-files/Z147641710
O=C(C=1C=CC=C(O)C1)N2CCOCC2,Z31721188,207.226,207.226,0.646,-1.779,1,3,49.77,2,https://real.enamine.net/public-enum-files/Z31721188
CN1N=CC(C(=O)O)=C1C=2C=CC=CC2,Z808584750,202.21,202.21,1.559,-1.9,1,3,55.12,2,https://real.enamine.net/public-enum-files/Z808584750
C1=CC=2C(=CC=CC2N1)N3CCNCC3,Z1509140701,201.268,201.268,1.574,-2.254,2,2,31.06,1,https://real.enamine.net/public-enum-files/Z1509140701
CC(=O)N1CCN(CC1)C=2C=CC(O)=CC2,Z28269747,220.268,220.268,0.512,-1.677,1,3,43.78,2,https://real.enamine.net/public-enum-files/Z28269747
NC(=O)C=1C=CC=CC1O,Z68590124,137.136,137.136,1.277,-1.17,2,2,63.32,1,https://real.enamine.net/public-enum-files/Z68590124
O=C(O)C=1C=CC(O)=CC1,Z104498098,138.121,138.121,1.557,-1.12,2,3,57.53,1,https://real.enamine.net/public-enum-files/Z104498098
CC(=O)C=1C=CC(O)=C(C)C1,Z57221419,150.175,150.175,1.904,-1.63,1,2,37.3,1,https://real.enamine.net/public-enum-files/Z57221419
O=C1CCNC(=O)N1,Z57033885,114.103,114.103,-1.232,0.34,2,2,58.2,0,https://real.enamine.net/public-enum-files/Z57033885
NS(=O)(=O)C1=CC=CS1,Z45415560,163.22,163.22,0.179,-1.62,1,2,60.16,1,https://real.enamine.net/public-enum-files/Z45415560
NC(=O)C=1C=NC=CN1,Z33546644,123.113,123.113,-0.676,0.47,1,3,68.87,1,https://real.enamine.net/public-enum-files/Z33546644
CC1=CC=C(O1)C(=O)O,Z56895714,126.11,126.11,1.56,-1.06,1,2,50.44,1,https://real.enamine.net/public-enum-files/Z56895714
N#CC=1C=CC=CC1O,Z104477750,119.121,119.121,1.597,-1.27,1,2,44.02,0,https://real.enamine.net/public-enum-files/Z104477750
NS(=O)(=O)C=1C=CC=CC1,Z45415554,157.192,157.192,0.305,-1.33,1,2,60.16,1,https://real.enamine.net/public-enum-files/Z45415554
CC(=O)C=1C=CC(Br)=CC1,Z57127459,199.044,199.044,2.52,-2.89,0,1,17.07,1,https://real.enamine.net/public-enum-files/Z57127459
CCOC=1C=CC=CC1O,Z104480244,138.164,138.164,1.853,-1.35,1,2,29.46,2,https://real.enamine.net/public-enum-files/Z104480244
NC=1C=CC=C2C=NNC12,Z235348069,133.151,133.151,1.036,-1.77,2,2,54.7,0,https://real.enamine.net/public-enum-files/Z235348069
COC=1C=CC(N)=CC1F,Z362635046,141.143,141.143,1.159,-1.51,1,2,35.25,1,https://real.enamine.net/public-enum-files/Z362635046
CC=1C=CC(O)=C(CO)N1,Z1104852895,139.152,139.152,0.793,0.18,2,3,53.35,1,https://real.enamine.net/public-enum-files/Z1104852895
OC=1C=CC=2C=NNC2C1,Z1198147845,134.136,134.136,1.634,-1.55,2,2,48.91,0,https://real.enamine.net/public-enum-files/Z1198147845
OCC1=NC=2C=CC=CC2N1,Z56791635,148.162,148.162,0.527,-1.31,2,2,48.91,1,https://real.enamine.net/public-enum-files/Z56791635
NS(=O)(=O)C=1C=CC(F)=CC1,Z45415567,175.182,175.182,0.694,-1.62,1,2,60.16,1,https://real.enamine.net/public-enum-files/Z45415567
CCC=1C=CC(=CC1)C(=O)O,Z104478474,150.175,150.175,2.913,-2.55,1,2,37.3,2,https://real.enamine.net/public-enum-files/Z104478474
CC=1C=CC(F)=CC1C(=O)O,Z203881854,154.139,154.139,2.325,-2.32,1,2,37.3,1,https://real.enamine.net/public-enum-files/Z203881854
O=C(O)C1=CC=2C=CSC2N1,Z235000792,167.186,167.186,1.882,-2.87,2,2,53.09,1,
CC=1C=CC=C(N)C1C(=O)O,Z802851752,151.163,151.163,1.407,-1.86,2,3,63.32,1,https://real.enamine.net/public-enum-files/Z802851752
OC=1C=CC(=CC1)N2C=CN=C2,Z56969320,160.173,160.173,1.734,-1.14,1,2,38.05,1,https://real.enamine.net/public-enum-files/Z56969320
Cl.NC1CCN(CC1)C(=O)C2CC2,Z1455658966,204.697,168.237,-1.422,-1.763,1,2,46.33,2,https://real.enamine.net/public-enum-files/Z1455658966
O=C(O)C1CC=2C=CC=CC2C1,Z607808530,162.186,162.186,1.788,-1.69,1,2,37.3,1,https://real.enamine.net/public-enum-files/Z607808530
O=C(O)C1=CC=C2NC=CC2=C1,Z1118536235,161.158,161.158,2.067,-2.41,2,2,53.09,1,https://real.enamine.net/public-enum-files/Z1118536235
BrC=1C=CC(=CC1)C2=CNC=N2,Z1269191577,223.069,223.069,2.953,-3.35,1,1,28.68,1,https://real.enamine.net/public-enum-files/Z1269191577
CCCC=1C=CC(=CC1)S(N)(=O)=O,Z45415607,199.271,199.271,1.862,-2.89,1,2,60.16,3,https://real.enamine.net/public-enum-files/Z45415607
COC(=O)C1=CNC=2N=CC=CC12,Z1079133092,176.172,176.172,1.321,-1.91,1,2,54.98,2,https://real.enamine.net/public-enum-files/Z1079133092
NC=1C=CC=C(C1)OC=2C=CC=CN2,Z404012058,186.21,186.21,1.516,-2.61,1,2,48.14,2,https://real.enamine.net/public-enum-files/Z404012058
CC=1ON=C(C1C(=O)O)C=2C=CC=CC2,Z104482458,203.195,203.195,1.614,-2.36,1,3,63.33,2,https://real.enamine.net/public-enum-files/Z104482458
FC(F)(F)C=1C=CC(=NC1)OC2CCNCC2,Z976688982,246.229,246.229,2.057,-2.118,1,3,34.15,3,https://real.enamine.net/public-enum-files/Z976688982
COC(=O)C=1C=CC(O)=CC1,Z19674820,152.148,152.148,1.985,-1.3,1,2,46.53,2,https://real.enamine.net/public-enum-files/Z19674820
O=C(O)C=1C=CC(O)=C(F)C1,Z57073754,156.111,156.111,1.633,-1.41,2,3,57.53,1,https://real.enamine.net/public-enum-files/Z57073754
CC=1C=CC(N)=CC1,Z57127875,107.153,107.153,1.414,-1.69,1,1,26.02,0,https://real.enamine.net/public-enum-files/Z57127875
O=C(O)C1=CC=CO1,Z104473462,112.084,112.084,1.061,-0.88,1,2,50.44,1,https://real.enamine.net/public-enum-files/Z104473462
OCCN1C=CC=N1,Z425794824,112.13,112.13,-0.435,0.66,1,2,38.05,2,https://real.enamine.net/public-enum-files/Z425794824
CC=1N=CSC1CCO,Z104477768,143.208,143.208,0.126,-0.5,1,2,33.12,2,https://real.enamine.net/public-enum-files/Z104477768
CC1(CCCC1)C(=O)O,Z199537270,128.169,128.169,1.797,-1.44,1,2,37.3,1,https://real.enamine.net/public-enum-files/Z199537270
C1=CC=2C=CC=CC2N1,Z57833933,117.148,117.148,2.132,-2.24,1,0,15.79,0,https://real.enamine.net/public-enum-files/Z57833933
CC1=NC=C(S1)C(=O)O,Z385373334,143.165,143.165,1.13,-0.56,1,3,50.19,1,https://real.enamine.net/public-enum-files/Z385373334
O=C(O)C=1C=CC=C(Cl)C1,Z104474062,156.566,156.566,2.696,-2.28,1,2,37.3,1,https://real.enamine.net/public-enum-files/Z104474062
NC=1C=CC(=CC1)C(=O)O,Z57127446,137.136,137.136,0.978,-1.34,2,3,63.32,1,https://real.enamine.net/public-enum-files/Z57127446
OCCOC=1C=CC=CC1,Z104473570,138.164,138.164,1.188,-1.26,1,2,29.46,3,https://real.enamine.net/public-enum-files/Z104473570
O=C(O)C=1C=CC(Cl)=CC1,Z104473324,156.566,156.566,2.696,-2.28,1,2,37.3,1,
NC=1C=NC=CC1C(=O)O,Z414314668,138.124,138.124,0.747,-0.199,2,4,76.21,1,https://real.enamine.net/public-enum-files/Z414314668
NC=1C=CC=C2NC=NC12,Z1259162108,133.151,133.151,1.013,-1.39,2,2,54.7,0,https://real.enamine.net/public-enum-files/Z1259162108
CC=1C=CC=2NC=CC2C1,Z979311300,131.175,131.175,2.631,-2.761,1,0,15.79,0,https://real.enamine.net/public-enum-files/Z979311300
O=C(O)C=1C=NC=C(O)C1,Z57124104,139.109,139.109,1.138,0.02,2,4,70.42,1,https://real.enamine.net/public-enum-files/Z57124104
FC=1C=CC=2NC=CC2C1,Z1160902020,135.139,135.139,2.443,-2.54,1,0,15.79,0,https://real.enamine.net/public-enum-files/Z1160902020
O=C(O)COC=1C=CC=CC1,Z57182011,152.148,152.148,1.35,-1.47,1,3,46.53,3,https://real.enamine.net/public-enum-files/Z57182011
O=C(O)CCC1CCCCC1,Z104479892,156.222,156.222,2.985,-2.8,1,2,37.3,3,https://real.enamine.net/public-enum-files/Z104479892
O=C1C=CC=2C=CC=CC2O1,Z57169486,146.143,146.143,1.412,-2.55,0,1,26.3,0,https://real.enamine.net/public-enum-files/Z57169486
NC=1C=NC=2C=CC=CC2C1,Z234895085,144.174,144.174,1.702,-1.85,1,2,38.91,0,https://real.enamine.net/public-enum-files/Z234895085
CNC1=NC=2C=CC=CC2N1,Z56767838,147.178,147.178,2.036,-2.41,2,2,40.71,0,https://real.enamine.net/public-enum-files/Z56767838
C1=CNC(=N1)C=2C=CN=CC2,Z728187792,145.162,145.162,0.73,-0.98,1,2,41.57,1,https://real.enamine.net/public-enum-files/Z728187792
CC=1C(O)=CC=CC1C(=O)O,Z1201620461,152.148,152.148,1.706,-1.4,2,3,57.53,1,https://real.enamine.net/public-enum-files/Z1201620461
NC=1N=CC=C2C=CC=CC12,Z1203162487,144.174,144.174,1.492,-2.5,1,2,38.91,0,https://real.enamine.net/public-enum-files/Z1203162487
O=C(O)CCC=1C=CC(Cl)=CC1,Z178961272,184.619,184.619,2.616,-2.11,1,2,37.3,3,https://real.enamine.net/public-enum-files/Z178961272
NS(=O)(=O)C=1C=C(Cl)C=C(Cl)C1,Z45415617,226.081,226.081,2.064,-2.851,1,2,60.16,1,https://real.enamine.net/public-enum-files/Z45415617
O=C(O)CC=1C=C(Cl)C=C(Cl)C1,Z1269159102,205.037,205.037,2.84,-2.579,1,2,37.3,2,https://real.enamine.net/public-enum-files/Z1269159102
C1=CC=C(C=C1)CC=2C=CN=CC2,Z104477464,169.223,169.223,2.712,-2.21,0,1,12.89,2,https://real.enamine.net/public-enum-files/Z104477464
O=C(O)C=1C=CC(=CC1)C(F)(F)F,Z56922105,190.12,190.12,2.94,-2.6,1,2,37.3,2,https://real.enamine.net/public-enum-files/Z56922105
CN(C)C=1C=CC=C(C1)C(=O)NN,Z56858159,179.219,179.219,0.625,-1.57,2,3,58.36,3,https://real.enamine.net/public-enum-files/Z56858159
COC=1C=CC(=CC1OC)C(=O)O,Z104478452,182.174,182.174,1.665,-1.58,1,4,55.76,3,https://real.enamine.net/public-enum-files/Z104478452
CC=1C=C(Br)C=2NC(=O)C(=O)C2C1,Z111834284,240.053,240.053,2.19,-3.69,1,2,46.17,0,
N=C(N)C1=CC=C2C=CC=CC2=C1,Z381356458,170.211,170.211,1.819,-3.54,2,2,49.87,1,https://real.enamine.net/public-enum-files/Z381356458
CC=1C=C(CO)C2=CC=CC=C2N1,Z397587554,173.212,173.212,1.94,-1.76,1,2,33.12,1,https://real.enamine.net/public-enum-files/Z397587554
C1=NC(=CS1)C2=NC=3C=CC=CC3N2,Z104480436,201.249,201.249,2.358,-3.19,1,2,41.57,1,https://real.enamine.net/public-enum-files/Z104480436
O=C(O)CNC(=O)NC1CCCCC1,Z228589126,200.235,200.235,1.431,-1.67,3,3,78.43,5,https://real.enamine.net/public-enum-files/Z228589126
CNCC=1C=CC(=CC1)N2CCCCC2,Z102767654,204.312,204.312,2.348,-1.79,1,2,15.27,3,https://real.enamine.net/public-enum-files/Z102767654
O=C(O)CC1=NNC(=O)C=2C=CC=CC12,Z56871698,204.183,204.183,-0.573,-2.57,2,4,78.76,2,https://real.enamine.net/public-enum-files/Z56871698
O=C(O)C=1C=NC=C(C1)C=2C=CC=CC2,Z363993550,199.206,199.206,2.687,-2.82,1,3,50.19,2,https://real.enamine.net/public-enum-files/Z363993550
NC=1C=CC(C(=O)O)=C(O)C1,Z90121065,153.136,153.136,1.056,-0.95,3,4,83.55,1,https://real.enamine.net/public-enum-files/Z90121065
CC=1C=CC=C(O)C1,Z104473820,108.138,108.138,1.974,-1.46,1,1,20.23,0,https://real.enamine.net/public-enum-files/Z104473820
O=C(O)C1=CSC=N1,Z800222638,129.138,129.138,0.831,-0.85,1,3,50.19,1,https://real.enamine.net/public-enum-files/Z800222638
CSC=1C=CC(N)=CC1,Z104511114,139.219,139.219,1.474,-1.99,1,1,26.02,1,https://real.enamine.net/public-enum-files/Z104511114
CC1=CC(C)=NC(N)=N1,Z104501152,123.156,123.156,0.674,-0.86,1,3,51.8,0,https://real.enamine.net/public-enum-files/Z104501152
NC(=O)C=1C=CC=NC1,Z33546463,122.125,122.125,-0.206,-0.42,1,2,55.98,1,https://real.enamine.net/public-enum-files/Z33546463
CC1=NC=CN1CCO,Z425794744,126.157,126.157,-0.574,0.89,1,2,38.05,2,https://real.enamine.net/public-enum-files/Z425794744
CC=1C=C(C)N=C(N)C1,Z1192367241,122.168,122.168,1.316,-1.28,1,2,38.91,0,https://real.enamine.net/public-enum-files/Z1192367241
NS(=O)(=O)C1=NC=CN1,Z1203748449,147.157,147.157,-0.845,-0.8,2,3,88.84,1,https://real.enamine.net/public-enum-files/Z1203748449
NC1=NNC=2C=CC=CC12,Z56820416,133.151,133.151,1.248,-2.32,2,2,54.7,0,https://real.enamine.net/public-enum-files/Z56820416
O=C(O)C=1C=CC(Br)=CC1,Z57127530,201.017,201.017,2.846,-2.65,1,2,37.3,1,https://real.enamine.net/public-enum-files/Z57127530
OC=1C=CC=2NC=CC2C1,Z1203162319,133.148,133.148,1.465,-1.85,2,1,36.02,0,https://real.enamine.net/public-enum-files/Z1203162319
COC=1C=CC=2NC=CC2C1,Z104507276,147.174,147.174,2.153,-2.29,1,1,25.02,1,https://real.enamine.net/public-enum-files/Z104507276
CC=1C=CC=C(C(=O)O)C1N,Z94600359,151.163,151.163,1.657,-1.62,2,3,63.32,1,https://real.enamine.net/public-enum-files/Z94600359
NC=1C=CC=2C=CC=CC2N1,Z56347237,144.174,144.174,1.702,-2.39,1,2,38.91,0,https://real.enamine.net/public-enum-files/Z56347237
CC=1C=CC=2N=C(N)SC2C1,Z57069881,164.229,164.229,2.322,-3.03,1,2,38.91,0,https://real.enamine.net/public-enum-files/Z57069881
O=C1NC=CC=2C=CC=CC12,Z56960237,145.158,145.158,0.812,-2.71,1,1,29.1,0,https://real.enamine.net/public-enum-files/Z56960237
O=C(O)CCC=1C=CC=CC1,Z57127332,150.175,150.175,1.903,-1.34,1,2,37.3,3,
O=C(O)C1=CC=2OC=CC2N1,Z1198172211,151.12,151.12,1.517,-1.59,2,2,66.23,1,
O=C1C=CC=2C=CC(O)=CC2O1,Z57150899,162.142,162.142,1.623,-2.16,1,2,46.53,0,https://real.enamine.net/public-enum-files/Z57150899
CC=1C=CC=CC1CCC(=O)O,Z317037960,164.201,164.201,2.352,-1.86,1,2,37.3,3,https://real.enamine.net/public-enum-files/Z317037960
CSC=1C=CC(O)=C(C1)C(=O)O,Z1255431342,184.214,184.214,2.765,-1.92,2,3,57.53,2,https://real.enamine.net/public-enum-files/Z1255431342
NS(=O)(=O)C=1C=CC=2CCCC2C1,Z45415660,197.256,197.256,1.318,-2.75,1,2,60.16,1,https://real.enamine.net/public-enum-files/Z45415660
O=C1NC=2C=CC=C3C=CC=C1C23,Z56899189,169.18,169.18,1.802,-3.53,1,1,29.1,0,https://real.enamine.net/public-enum-files/Z56899189
CC(=O)C=1C=CC=2OCCOC2C1,Z56854473,178.185,178.185,1.745,-2.27,0,3,35.53,1,https://real.enamine.net/public-enum-files/Z56854473
O=C(O)C=1SC=CC1N2C=CC=C2,Z227832752,193.224,193.224,2.909,-1.84,1,2,42.23,2,https://real.enamine.net/public-enum-files/Z227832752
OCC=1C=C(ON1)C=2C=CC=CC2,Z431953146,175.184,175.184,1.181,-1.93,1,2,46.26,2,https://real.enamine.net/public-enum-files/Z431953146
N#CCC1=CNC=2C=CC(Cl)=CC12,Z1162450204,190.629,190.629,2.435,-3.19,1,1,39.58,1,https://real.enamine.net/public-enum-files/Z1162450204
NS(=O)(=O)C1=CC2=CC=CC=C2O1,Z1378432729,197.213,197.213,0.865,-2.72,1,2,73.3,1,https://real.enamine.net/public-enum-files/Z1378432729
O=C(O)C=1C=NN(C1)C=2C=CC=CC2,Z99601182,188.183,188.183,2.2,-1.54,1,3,55.12,2,
O=C(O)CNC(=O)C=1C=CC=C(O)C1,Z239129930,195.172,195.172,0.326,-1.45,3,4,86.63,4,https://real.enamine.net/public-enum-files/Z239129930
O=C(O)CC1=CNC=2C=CC(Br)=CC12,Z596250880,254.08,254.08,2.435,-2.98,2,2,53.09,2,https://real.enamine.net/public-enum-files/Z596250880
O=C(O)C=1C=CC=2NC(=O)CSC2C1,Z1508957209,209.223,209.223,1.334,-2.5,2,3,66.4,1,https://real.enamine.net/public-enum-files/Z1508957209
O=C(O)CCC1=NC2=CC(Cl)=CC=C2S1,Z228584328,241.695,241.695,2.581,-2.41,1,3,50.19,3,https://real.enamine.net/public-enum-files/Z228584328
O=C(O)C=1C=CC(=NC1)C=2C=CC=CC2,Z1201621962,199.206,199.206,2.897,-2.708,1,3,50.19,2,https://real.enamine.net/public-enum-files/Z1201621962
NC(=O)C=1C=CC(O)=CC1,Z104502228,137.136,137.136,0.327,-1.17,2,2,63.32,1,https://real.enamine.net/public-enum-files/Z104502228
NC1=NC=CS1,Z104472798,100.144,100.144,0.229,-0.8,1,2,38.91,0,https://real.enamine.net/public-enum-files/Z104472798
CC=1C=CN=C(N)C1,Z203045032,108.141,108.141,0.817,-1.1,1,2,38.91,0,https://real.enamine.net/public-enum-files/Z203045032
COC=1C=CC(O)=CC1,Z104474598,124.137,124.137,1.574,-0.99,1,2,29.46,1,https://real.enamine.net/public-enum-files/Z104474598
NC(=O)C1CCCCC1,Z33546516,127.185,127.185,0.917,-1.84,1,1,43.09,1,https://real.enamine.net/public-enum-files/Z33546516
NC=1C=CC=CC1CO,Z104495736,123.153,123.153,-0.173,-0.74,2,2,46.25,1,https://real.enamine.net/public-enum-files/Z104495736
C#CCN1CCOC1=O,Z804943488,125.126,125.126,0.554,-1.199,0,1,29.54,1,https://real.enamine.net/public-enum-files/Z804943488
CC=1N=C(N)C=CC1Br,Z57376600,187.037,187.037,1.803,-1.92,1,2,38.91,0,https://real.enamine.net/public-enum-files/Z57376600
COC=1C=CC(C)=CC1N,Z104477476,137.179,137.179,1.683,-1.73,1,2,35.25,1,https://real.enamine.net/public-enum-files/Z104477476
N#CCC=1C=CC(O)=CC1,Z90120144,133.148,133.148,0.897,-1.21,1,2,44.02,1,https://real.enamine.net/public-enum-files/Z90120144
NC1=NOC=2C=CC=CC12,Z218760918,134.136,134.136,1.153,-1.87,1,2,52.05,0,https://real.enamine.net/public-enum-files/Z218760918
OCCC=1C=CC(F)=CC1,Z397587326,140.155,140.155,1.476,-1.27,1,1,20.23,2,https://real.enamine.net/public-enum-files/Z397587326
O=C1C=CC=2C=CC=CC2N1,Z57473020,145.158,145.158,0.812,-2.6,1,1,29.1,0,https://real.enamine.net/public-enum-files/Z57473020
COC=1C=CC(=CC1)C(=O)O,Z56931884,152.148,152.148,2.023,-1.55,1,3,46.53,2,https://real.enamine.net/public-enum-files/Z56931884
NS(=O)(=O)C=1C=CC=CC1Cl,Z45415618,191.636,191.636,0.964,-2.1,1,2,60.16,1,https://real.enamine.net/public-enum-files/Z45415618
COC=1C=CC=CC1C(=O)O,Z57127524,152.148,152.148,1.594,-1.55,1,3,46.53,2,https://real.enamine.net/public-enum-files/Z57127524
NC=1C=CC(=CC1)S(N)(=O)=O,Z56851240,172.206,172.206,-0.572,-1.16,2,3,86.18,1,https://real.enamine.net/public-enum-files/Z56851240
NC=1C=CC(Br)=CC1C(=O)O,Z104484428,216.032,216.032,2.198,-2.48,2,3,63.32,1,https://real.enamine.net/public-enum-files/Z104484428
NC1=NC=2C=CC(F)=CC2S1,Z56899125,168.193,168.193,1.975,-2.81,1,2,38.91,0,https://real.enamine.net/public-enum-files/Z56899125
O=C1NC=2C=C(Cl)C=CC2O1,Z57183224,169.565,169.565,1.871,-2.87,1,2,38.33,0,
NC1=NC=2C(Cl)=CC=CC2S1,Z57607000,184.647,184.647,2.545,-3.282,1,2,38.91,0,https://real.enamine.net/public-enum-files/Z57607000
FC(F)(F)C=1N=CC(Br)=CN1,Z729557174,226.982,226.982,1.514,-2.129,0,2,25.78,1,https://real.enamine.net/public-enum-files/Z729557174
O=C(O)CC1=CC=C(Cl)C(Cl)=C1,Z104476066,205.037,205.037,2.72,-2.58,1,2,37.3,2,
O=C1C=C(O)C=2C=CC=CC2O1,Z56922074,162.142,162.142,1.916,-2.16,1,2,46.53,0,https://real.enamine.net/public-enum-files/Z56922074
CC=1C=CC(=CC1)CCC(=O)O,Z169855336,164.201,164.201,2.402,-1.86,1,2,37.3,3,https://real.enamine.net/public-enum-files/Z169855336
O=C(O)C=1C=CC=NC1C(=O)O,Z57160166,167.119,167.119,-0.042,-0.78,2,5,87.49,2,https://real.enamine.net/public-enum-files/Z57160166
CC(C)(C)C1=CC=C(O)C(O)=C1,Z104476062,166.217,166.217,2.704,-2.22,2,2,40.46,1,https://real.enamine.net/public-enum-files/Z104476062
CC1(C)CNCC2=CC=CC=C21,Z1198176426,161.244,161.244,2.633,-1.28,1,1,12.03,0,https://real.enamine.net/public-enum-files/Z1198176426
CCOC(=O)C=1C(C)=NNC1C,Z1201619441,168.193,168.193,1.685,-1.19,1,2,54.98,3,https://real.enamine.net/public-enum-files/Z1201619441
OCC1=CC=2C(Cl)=CC=CC2N1,Z1251357721,181.619,181.619,1.975,-2.83,2,1,36.02,1,https://real.enamine.net/public-enum-files/Z1251357721
CCOC=1C=CC(=CC1)S(N)(=O)=O,Z45415565,201.244,201.244,1.078,-1.709,1,3,69.39,3,https://real.enamine.net/public-enum-files/Z45415565
CC=1C=CC=C2NC(=CC12)C(=O)O,Z119989626,175.184,175.184,2.63,-3.17,2,2,53.09,1,https://real.enamine.net/public-enum-files/Z119989626
NCC1(CCCC1)C=2C=CC=CC2,Z199451530,175.271,175.271,2.985,-2.33,1,1,26.02,2,
CCN1CCC2=C(N)C=CC=C2C1,Z728884102,176.259,176.259,1.343,-1.16,1,2,29.26,1,https://real.enamine.net/public-enum-files/Z728884102
COC=1C=C(C=CC1O)CC(=O)O,Z1203162033,182.174,182.174,0.596,-0.692,2,4,66.76,3,https://real.enamine.net/public-enum-files/Z1203162033
CC=1NC=2C=CC=CC2C(=O)C1O,Z1255448123,175.184,175.184,0.314,-2.03,2,3,49.33,0,https://real.enamine.net/public-enum-files/Z1255448123
CC1=NOC(C)=C1C=2C=CC=CC2,Z1255374820,173.212,173.212,1.947,-2.51,0,1,26.03,1,https://real.enamine.net/public-enum-files/Z1255374820
NCCCN1CCC=2C=CC=CC2C1,Z271005928,190.285,190.285,1.773,-0.96,1,2,29.26,3,https://real.enamine.net/public-enum-files/Z271005928
COC=1C=CC=2NC(=CC2C1)C(=O)O,Z1096153758,191.184,191.184,2.135,-2.69,2,3,62.32,2,https://real.enamine.net/public-enum-files/Z1096153758
O=C(C=1C=CN=CC1)C=2C=CC(F)=CC2,Z385412938,201.197,201.197,2.248,-2.91,0,2,29.96,2,
CN1C=C(CCC(=O)O)C=2C=CC=CC21,Z335290460,203.238,203.238,2.359,-1.41,1,2,42.23,3,https://real.enamine.net/public-enum-files/Z335290460
CC(C)N1C=NC2=CC(=CC=C21)C(=O)O,Z431983770,204.226,204.226,2.437,-1.89,1,3,55.12,2,https://real.enamine.net/public-enum-files/Z431983770
O=C(O)CCC1=NC=2C=CC=CC2NC1=O,Z56862720,218.209,218.209,0.066,-1.35,2,4,78.76,3,
O=C1CCCC2=CC(O)=CC=C12,Z877546758,162.186,162.186,1.999,-2.08,1,2,37.3,0,
O=C(O)CC1=CC=CS1,Z104473344,142.177,142.177,1.06,-1.04,1,2,37.3,2,https://real.enamine.net/public-enum-files/Z104473344
C1=CC=2C=CC=NC2N1,Z271099378,118.136,118.136,1.175,-2.05,1,1,28.68,0,https://real.enamine.net/public-enum-files/Z271099378
N#CC=1C=CC(O)=CC1,Z104473840,119.121,119.121,1.597,-1.27,1,2,44.02,0,https://real.enamine.net/public-enum-files/Z104473840
OCC=1C=CC(Br)=CC1,Z335244742,187.034,187.034,1.967,-2.07,1,1,20.23,1,https://real.enamine.net/public-enum-files/Z335244742
O=C(O)C=1N=CC=CC1O,Z608353738,139.109,139.109,1.768,-0.23,2,4,70.42,1,https://real.enamine.net/public-enum-files/Z608353738
NC1=NC=2C=CC=CC2S1,Z56912586,150.202,150.202,1.823,-2.51,1,2,38.91,0,https://real.enamine.net/public-enum-files/Z56912586
O=C(O)C=1C=CC(F)=CC1,Z57367354,140.112,140.112,2.126,-1.8,1,2,37.3,1,https://real.enamine.net/public-enum-files/Z57367354
CC(=O)C=1C=CC=C(N)C1,Z57127443,135.164,135.164,0.864,-1.57,1,2,43.09,1,https://real.enamine.net/public-enum-files/Z57127443
NNC(=O)C=1C=CC=CC1,Z56926669,136.152,136.152,0.265,-1.65,2,2,55.12,2,https://real.enamine.net/public-enum-files/Z56926669
CN1C2CCC1CC(=O)C2,Z362847958,139.195,139.195,0.418,-0.16,0,2,20.31,0,https://real.enamine.net/public-enum-files/Z362847958
CC(C)C=1C=CC(N)=CC1,Z104476320,135.207,135.207,2.342,-2.66,1,1,26.02,1,https://real.enamine.net/public-enum-files/Z104476320
CC=1C=CC=CC1C(=O)O,Z104495626,136.148,136.148,2.084,-2.02,1,2,37.3,1,https://real.enamine.net/public-enum-files/Z104495626
NC(=O)CN1CCCC1=O,Z56865289,142.156,142.156,-1.182,-0.15,1,2,63.4,2,https://real.enamine.net/public-enum-files/Z56865289
O=C(O)CNC1CCCC1,Z359505658,143.184,143.184,-1.652,-0.61,2,3,49.33,3,https://real.enamine.net/public-enum-files/Z359505658
CC=1C=CC=CC1S(N)(=O)=O,Z57902803,171.218,171.218,0.804,-1.61,1,2,60.16,1,https://real.enamine.net/public-enum-files/Z57902803
NC1=NC=2C=CC(Cl)=CC2S1,Z56896352,184.647,184.647,2.545,-3.28,1,2,38.91,0,https://real.enamine.net/public-enum-files/Z56896352
O=C(O)COC1CCCCC1,Z316258722,158.195,158.195,1.64,-1.16,1,3,46.53,3,https://real.enamine.net/public-enum-files/Z316258722
O=C(O)CC=1C=CC=CC1O,Z608061328,152.148,152.148,0.697,-0.66,2,3,57.53,2,https://real.enamine.net/public-enum-files/Z608061328
O=C(O)CC=1C=CC=C(O)C1,Z816000338,152.148,152.148,0.747,-0.66,2,3,57.53,2,https://real.enamine.net/public-enum-files/Z816000338
C1=CN(C=N1)C=2C=CC=CC2,Z440825046,144.174,144.174,2.08,-1.53,0,1,17.82,1,https://real.enamine.net/public-enum-files/Z440825046
CC1=NN(C)C(C)=C1CCO,Z1198175704,154.21,154.21,-0.344,0.61,1,2,38.05,2,https://real.enamine.net/public-enum-files/Z1198175704
CN1C=CC=2C=CNC2C1=O,Z1203734446,148.162,148.162,0.204,-0.96,1,1,36.1,0,https://real.enamine.net/public-enum-files/Z1203734446
O=C(O)CC=1C(Cl)=CC=CC1Cl,Z104478552,205.037,205.037,2.84,-2.58,1,2,37.3,2,https://real.enamine.net/public-enum-files/Z104478552
O=C(O)C1=CC=2C=CC=CC2O1,Z56839706,162.142,162.142,2.445,-2.61,1,2,50.44,1,https://real.enamine.net/public-enum-files/Z56839706
O=C1NC=2C=CC(Cl)=CC2C1=O,Z56899110,181.576,181.576,1.541,-2.82,1,2,46.17,0,https://real.enamine.net/public-enum-files/Z56899110
CN(C)C=1C=CC(=CN1)C(=O)O,Z330799458,166.178,166.178,1.514,-0.83,1,4,53.43,2,https://real.enamine.net/public-enum-files/Z330799458
O=C(O)C1=CC=C2C=CNC2=C1,Z385481296,161.158,161.158,2.067,-2.41,2,2,53.09,1,https://real.enamine.net/public-enum-files/Z385481296
NC1=NC=2C=CC=CC2C(=O)N1,Z840267872,161.161,161.161,0.153,-2.89,2,3,67.48,0,https://real.enamine.net/public-enum-files/Z840267872
C[C@@](O)(C(=O)O)C=1C=CC=CC1,Z1154245575,166.174,166.174,0.811,-1.49,2,3,57.53,2,https://real.enamine.net/public-enum-files/Z1154245575
COC=1C=CC=C(C(=O)O)C1OC,Z104476536,182.174,182.174,1.235,-1.58,1,4,55.76,3,https://real.enamine.net/public-enum-files/Z104476536
CC(C)N1C(N)=NC=2C=CC=CC21,Z367659362,175.231,175.231,2.134,-2.12,1,2,43.84,1,https://real.enamine.net/public-enum-files/Z367659362
CC(=O)C1=CN(C)C=2C=CC=CC12,Z57070074,173.212,173.212,2.22,-1.82,0,1,22,1,https://real.enamine.net/public-enum-files/Z57070074
CC=1C=CC=2C(=CNC2C1)C(=O)O,Z385446074,175.184,175.184,2.63,-2.84,2,2,53.09,1,https://real.enamine.net/public-enum-files/Z385446074
Cl.NCCC1=CNC=2C=CC(F)=CC12,Z1741960310,214.667,178.207,1.734,-2.77,2,1,41.81,2,https://real.enamine.net/public-enum-files/Z1741960310
NS(=O)(=O)C1=NC2=CC=CC=C2N1,Z969591530,197.216,197.216,0.749,-2.49,2,3,88.84,1,https://real.enamine.net/public-enum-files/Z969591530
O=C(O)CCN1C=NC2=CC=CC=C21,Z53116455,190.199,190.199,1.19,-1.36,1,3,55.12,3,https://real.enamine.net/public-enum-files/Z53116455
O=C1NC=NC=2C3=CC=CC=C3OC12,Z62452555,186.167,186.167,0.865,-2.76,1,2,54.6,0,
CS(=O)(=O)NC=1C=CC(=CC1)C(=O)O,Z45636695,215.228,215.228,0.918,-1.47,2,4,83.47,2,https://real.enamine.net/public-enum-files/Z45636695
NC(=O)CCN1C=NC2=CC=CC=C21,Z53116464,189.214,189.214,0.481,-1.42,1,2,60.91,3,https://real.enamine.net/public-enum-files/Z53116464
O=C(O)C=1C=CC(O)=C(Cl)C1,Z104503564,172.566,172.566,2.073,-1.89,2,3,57.53,1,https://real.enamine.net/public-enum-files/Z104503564
O=C(O)C1=COC=2CCCC(=O)C12,Z1201618250,180.158,180.158,1.309,-1.38,1,3,67.51,1,https://real.enamine.net/public-enum-files/Z1201618250
Cl.CC(=O)NC1=CC=CC(N)=C1,Z2472857622,186.639,150.178,-0.066,-1.971,2,2,55.12,0,https://real.enamine.net/public-enum-files/Z2472857622
CS(=O)(=O)NCC1CCNCC1,Z285141528,192.281,192.281,-0.637,0.47,2,3,58.2,3,https://real.enamine.net/public-enum-files/Z285141528
NC=1C=CC=C(C1)C=2C=CC=NC2,Z732776044,170.211,170.211,1.486,-2.469,1,2,38.91,1,https://real.enamine.net/public-enum-files/Z732776044
CCN1C=C(C=N1)NC(=O)C2CCC2,Z373768900,193.246,193.246,1.125,-1.18,1,2,46.92,4,
COC=1C=CC=2NC=C(CN(C)C)C2C1,Z1509140850,204.269,204.269,1.987,-2.02,1,2,28.26,3,https://real.enamine.net/public-enum-files/Z1509140850
